<?xml version="1.0" encoding="UTF-8"?>
<GenRun Id="synth_1" LaunchPart="xc7a35tcpg236-1" LaunchTime="1743482721">
  <File Type="RDS-DCP" Name="TOP.dcp"/>
  <File Type="RUN-CONSTRS" Name="$PDATADIR/runs/synth_1/constrs_in.xml"/>
  <File Type="RDS-UTIL-PB" Name="TOP_utilization_synth.pb"/>
  <File Type="RUN-SRCS" Name="$PDATADIR/runs/synth_1/sources.xml"/>
  <File Type="RDS-PROPCONSTRS" Name="TOP_drc_synth.rpt"/>
  <File Type="PA-TCL" Name="TOP.tcl"/>
  <File Type="RUN-STRAT" Name="$PDATADIR/runs/synth_1/synth_1.psg"/>
  <File Type="RDS-RDS" Name="TOP.vds"/>
  <File Type="RDS-UTIL" Name="TOP_utilization_synth.rpt"/>
  <File Type="VDS-TIMINGSUMMARY" Name="TOP_timing_summary_synth.rpt"/>
  <File Type="VDS-TIMING-PB" Name="TOP_timing_summary_synth.pb"/>
  <FileSet Name="sources" Type="DesignSrcs" RelSrcDir="$PSRCDIR/sources_1">
    <Filter Type="Srcs"/>
    <File Path="$PSRCDIR/sources_1/imports/sources_1/imports/new/MouseMasterSM.v">
      <FileInfo>
        <Attr Name="ImportPath" Val="$PPRDIR/../DSD4project/DSD4project.srcs/sources_1/imports/new/MouseMasterSM.v"/>
        <Attr Name="ImportTime" Val="1743320596"/>
        <Attr Name="UsedIn" Val="synthesis"/>
        <Attr Name="UsedIn" Val="implementation"/>
        <Attr Name="UsedIn" Val="simulation"/>
      </FileInfo>
    </File>
    <File Path="$PSRCDIR/sources_1/imports/sources_1/imports/new/Multiplexer_4way.v">
      <FileInfo>
        <Attr Name="ImportPath" Val="$PPRDIR/../DSD4project/DSD4project.srcs/sources_1/imports/new/Multiplexer_4way.v"/>
        <Attr Name="ImportTime" Val="1743260161"/>
        <Attr Name="UsedIn" Val="synthesis"/>
        <Attr Name="UsedIn" Val="implementation"/>
        <Attr Name="UsedIn" Val="simulation"/>
      </FileInfo>
    </File>
    <File Path="$PSRCDIR/sources_1/imports/sources_1/imports/new/Generic_counter.v">
      <FileInfo>
        <Attr Name="ImportPath" Val="$PPRDIR/../DSD4project/DSD4project.srcs/sources_1/imports/new/Generic_counter.v"/>
        <Attr Name="ImportTime" Val="1743320763"/>
        <Attr Name="UsedIn" Val="synthesis"/>
        <Attr Name="UsedIn" Val="implementation"/>
        <Attr Name="UsedIn" Val="simulation"/>
      </FileInfo>
    </File>
    <File Path="$PSRCDIR/sources_1/imports/sources_1/imports/new/MouseReceiver.v">
      <FileInfo>
        <Attr Name="ImportPath" Val="$PPRDIR/../DSD4project/DSD4project.srcs/sources_1/imports/new/MouseReceiver.v"/>
        <Attr Name="ImportTime" Val="1743320533"/>
        <Attr Name="UsedIn" Val="synthesis"/>
        <Attr Name="UsedIn" Val="implementation"/>
        <Attr Name="UsedIn" Val="simulation"/>
      </FileInfo>
    </File>
    <File Path="$PSRCDIR/sources_1/imports/sources_1/imports/new/MouseTransmitter.v">
      <FileInfo>
        <Attr Name="ImportPath" Val="$PPRDIR/../DSD4project/DSD4project.srcs/sources_1/imports/new/MouseTransmitter.v"/>
        <Attr Name="ImportTime" Val="1743320499"/>
        <Attr Name="UsedIn" Val="synthesis"/>
        <Attr Name="UsedIn" Val="implementation"/>
        <Attr Name="UsedIn" Val="simulation"/>
      </FileInfo>
    </File>
    <File Path="$PSRCDIR/sources_1/imports/sources_1/imports/new/seg7decoder.v">
      <FileInfo>
        <Attr Name="ImportPath" Val="$PPRDIR/../DSD4project/DSD4project.srcs/sources_1/imports/new/seg7decoder.v"/>
        <Attr Name="ImportTime" Val="1743260198"/>
        <Attr Name="UsedIn" Val="synthesis"/>
        <Attr Name="UsedIn" Val="implementation"/>
        <Attr Name="UsedIn" Val="simulation"/>
      </FileInfo>
    </File>
    <File Path="$PSRCDIR/sources_1/imports/sources_1/imports/new/MouseTransceiver.v">
      <FileInfo>
        <Attr Name="ImportPath" Val="$PPRDIR/../DSD4project/DSD4project.srcs/sources_1/imports/new/MouseTransceiver.v"/>
        <Attr Name="ImportTime" Val="1743320470"/>
        <Attr Name="UsedIn" Val="synthesis"/>
        <Attr Name="UsedIn" Val="implementation"/>
        <Attr Name="UsedIn" Val="simulation"/>
      </FileInfo>
    </File>
    <File Path="$PSRCDIR/sources_1/imports/sources_1/imports/new/ALU.v">
      <FileInfo>
        <Attr Name="ImportPath" Val="$PPRDIR/../DSD4project/DSD4project.srcs/sources_1/imports/new/ALU.v"/>
        <Attr Name="ImportTime" Val="1743322889"/>
        <Attr Name="UsedIn" Val="synthesis"/>
        <Attr Name="UsedIn" Val="implementation"/>
        <Attr Name="UsedIn" Val="simulation"/>
      </FileInfo>
    </File>
    <File Path="$PSRCDIR/sources_1/imports/sources_1/new/Frame_Buffer.v">
      <FileInfo>
        <Attr Name="ImportPath" Val="$PPRDIR/../DSD4project/DSD4project.srcs/sources_1/new/Frame_Buffer.v"/>
        <Attr Name="ImportTime" Val="1743323488"/>
        <Attr Name="UsedIn" Val="synthesis"/>
        <Attr Name="UsedIn" Val="implementation"/>
        <Attr Name="UsedIn" Val="simulation"/>
      </FileInfo>
    </File>
    <File Path="$PSRCDIR/sources_1/imports/sources_1/new/VGA_Sig_Gen.v">
      <FileInfo>
        <Attr Name="ImportPath" Val="$PPRDIR/../DSD4project/DSD4project.srcs/sources_1/new/VGA_Sig_Gen.v"/>
        <Attr Name="ImportTime" Val="1743324013"/>
        <Attr Name="UsedIn" Val="synthesis"/>
        <Attr Name="UsedIn" Val="implementation"/>
        <Attr Name="UsedIn" Val="simulation"/>
      </FileInfo>
    </File>
    <File Path="$PSRCDIR/sources_1/imports/sources_1/imports/new/IR_SM.v">
      <FileInfo>
        <Attr Name="ImportPath" Val="$PPRDIR/../DSD4project/DSD4project.srcs/sources_1/imports/new/IR_SM.v"/>
        <Attr Name="ImportTime" Val="1743320379"/>
        <Attr Name="UsedIn" Val="synthesis"/>
        <Attr Name="UsedIn" Val="implementation"/>
        <Attr Name="UsedIn" Val="simulation"/>
      </FileInfo>
    </File>
    <File Path="$PSRCDIR/sources_1/imports/sources_1/imports/new/Send_Packet_Counter.v">
      <FileInfo>
        <Attr Name="ImportPath" Val="$PPRDIR/../DSD4project/DSD4project.srcs/sources_1/imports/new/Send_Packet_Counter.v"/>
        <Attr Name="ImportTime" Val="1743320334"/>
        <Attr Name="UsedIn" Val="synthesis"/>
        <Attr Name="UsedIn" Val="implementation"/>
        <Attr Name="UsedIn" Val="simulation"/>
      </FileInfo>
    </File>
    <File Path="$PSRCDIR/sources_1/imports/sources_1/imports/new/SEG7disp.v">
      <FileInfo>
        <Attr Name="ImportPath" Val="$PPRDIR/../DSD4project/DSD4project.srcs/sources_1/imports/new/SEG7disp.v"/>
        <Attr Name="ImportTime" Val="1743425460"/>
        <Attr Name="UsedIn" Val="synthesis"/>
        <Attr Name="UsedIn" Val="implementation"/>
        <Attr Name="UsedIn" Val="simulation"/>
      </FileInfo>
    </File>
    <File Path="$PSRCDIR/sources_1/imports/sources_1/new/VGA_Controller.v">
      <FileInfo>
        <Attr Name="ImportPath" Val="$PPRDIR/../DSD4project/DSD4project.srcs/sources_1/new/VGA_Controller.v"/>
        <Attr Name="ImportTime" Val="1743323412"/>
        <Attr Name="UsedIn" Val="synthesis"/>
        <Attr Name="UsedIn" Val="implementation"/>
        <Attr Name="UsedIn" Val="simulation"/>
      </FileInfo>
    </File>
    <File Path="$PSRCDIR/sources_1/imports/sources_1/imports/new/Mouse.v">
      <FileInfo>
        <Attr Name="ImportPath" Val="$PPRDIR/../DSD4project/DSD4project.srcs/sources_1/imports/new/Mouse.v"/>
        <Attr Name="ImportTime" Val="1743320437"/>
        <Attr Name="UsedIn" Val="synthesis"/>
        <Attr Name="UsedIn" Val="implementation"/>
        <Attr Name="UsedIn" Val="simulation"/>
      </FileInfo>
    </File>
    <File Path="$PSRCDIR/sources_1/imports/sources_1/imports/new/IR.v">
      <FileInfo>
        <Attr Name="ImportPath" Val="$PPRDIR/../DSD4project/DSD4project.srcs/sources_1/imports/new/IR.v"/>
        <Attr Name="ImportTime" Val="1743320301"/>
        <Attr Name="UsedIn" Val="synthesis"/>
        <Attr Name="UsedIn" Val="implementation"/>
        <Attr Name="UsedIn" Val="simulation"/>
      </FileInfo>
    </File>
    <File Path="$PSRCDIR/sources_1/imports/sources_1/imports/new/LED.v">
      <FileInfo>
        <Attr Name="ImportPath" Val="$PPRDIR/../DSD4project/DSD4project.srcs/sources_1/imports/new/LED.v"/>
        <Attr Name="ImportTime" Val="1743259675"/>
        <Attr Name="UsedIn" Val="synthesis"/>
        <Attr Name="UsedIn" Val="implementation"/>
        <Attr Name="UsedIn" Val="simulation"/>
      </FileInfo>
    </File>
    <File Path="$PSRCDIR/sources_1/imports/sources_1/imports/new/SEG7.v">
      <FileInfo>
        <Attr Name="ImportPath" Val="$PPRDIR/../DSD4project/DSD4project.srcs/sources_1/imports/new/SEG7.v"/>
        <Attr Name="ImportTime" Val="1743479828"/>
        <Attr Name="UsedIn" Val="synthesis"/>
        <Attr Name="UsedIn" Val="implementation"/>
        <Attr Name="UsedIn" Val="simulation"/>
      </FileInfo>
    </File>
    <File Path="$PSRCDIR/sources_1/imports/sources_1/imports/new/ProcessorModule.v">
      <FileInfo>
        <Attr Name="ImportPath" Val="$PPRDIR/../DSD4project/DSD4project.srcs/sources_1/imports/new/ProcessorModule.v"/>
        <Attr Name="ImportTime" Val="1743258850"/>
        <Attr Name="UsedIn" Val="synthesis"/>
        <Attr Name="UsedIn" Val="implementation"/>
        <Attr Name="UsedIn" Val="simulation"/>
      </FileInfo>
    </File>
    <File Path="$PSRCDIR/sources_1/imports/sources_1/imports/new/RAM.v">
      <FileInfo>
        <Attr Name="ImportPath" Val="$PPRDIR/../DSD4project/DSD4project.srcs/sources_1/imports/new/RAM.v"/>
        <Attr Name="ImportTime" Val="1743258980"/>
        <Attr Name="UsedIn" Val="synthesis"/>
        <Attr Name="UsedIn" Val="implementation"/>
        <Attr Name="UsedIn" Val="simulation"/>
      </FileInfo>
    </File>
    <File Path="$PSRCDIR/sources_1/imports/sources_1/imports/new/ROM.v">
      <FileInfo>
        <Attr Name="ImportPath" Val="$PPRDIR/../DSD4project/DSD4project.srcs/sources_1/imports/new/ROM.v"/>
        <Attr Name="ImportTime" Val="1743258949"/>
        <Attr Name="UsedIn" Val="synthesis"/>
        <Attr Name="UsedIn" Val="implementation"/>
        <Attr Name="UsedIn" Val="simulation"/>
      </FileInfo>
    </File>
    <File Path="$PSRCDIR/sources_1/imports/sources_1/imports/new/Timer.v">
      <FileInfo>
        <Attr Name="ImportPath" Val="$PPRDIR/../DSD4project/DSD4project.srcs/sources_1/imports/new/Timer.v"/>
        <Attr Name="ImportTime" Val="1743259223"/>
        <Attr Name="UsedIn" Val="synthesis"/>
        <Attr Name="UsedIn" Val="implementation"/>
        <Attr Name="UsedIn" Val="simulation"/>
      </FileInfo>
    </File>
    <File Path="$PSRCDIR/sources_1/imports/sources_1/imports/new/TOP.v">
      <FileInfo>
        <Attr Name="ImportPath" Val="$PPRDIR/../DSD4project/DSD4project.srcs/sources_1/imports/new/TOP.v"/>
        <Attr Name="ImportTime" Val="1743324190"/>
        <Attr Name="UsedIn" Val="synthesis"/>
        <Attr Name="UsedIn" Val="implementation"/>
        <Attr Name="UsedIn" Val="simulation"/>
      </FileInfo>
    </File>
    <Config>
      <Option Name="DesignMode" Val="RTL"/>
      <Option Name="TopModule" Val="TOP"/>
      <Option Name="TopAutoSet" Val="TRUE"/>
    </Config>
  </FileSet>
  <FileSet Name="constrs_in" Type="Constrs" RelSrcDir="$PSRCDIR/constrs_1">
    <Filter Type="Constrs"/>
    <File Path="$PSRCDIR/constrs_1/imports/new/constraint.xdc">
      <FileInfo>
        <Attr Name="ImportPath" Val="$PPRDIR/../DSD4project/DSD4project.srcs/constrs_1/imports/new/constraint.xdc"/>
        <Attr Name="ImportTime" Val="1743323933"/>
        <Attr Name="UsedIn" Val="synthesis"/>
        <Attr Name="UsedIn" Val="implementation"/>
      </FileInfo>
    </File>
    <Config>
      <Option Name="ConstrsType" Val="XDC"/>
    </Config>
  </FileSet>
  <Strategy Version="1" Minor="2">
    <StratHandle Name="Vivado Synthesis Defaults" Flow="Vivado Synthesis 2015"/>
    <Step Id="synth_design"/>
  </Strategy>
</GenRun>
