<?xml version="1.0" encoding="UTF-8"?>
<GenRun Id="impl_1" LaunchPart="xc7a35tcpg236-1" LaunchTime="1743426223">
  <File Type="WBT-USG" Name="usage_statistics_webtalk.html"/>
  <File Type="RDI-RDI" Name="TOP.vdi"/>
  <File Type="BG-DRC" Name="TOP.drc"/>
  <File Type="BG-BGN" Name="TOP.bgn"/>
  <File Type="BITSTR-SYSDEF" Name="TOP.sysdef"/>
  <File Type="BITSTR-MMI" Name="TOP.mmi"/>
  <File Type="BITSTR-BMM" Name="TOP_bd.bmm"/>
  <File Type="BITSTR-NKY" Name="TOP.nky"/>
  <File Type="BITSTR-RBT" Name="TOP.rbt"/>
  <File Type="BITSTR-MSK" Name="TOP.msk"/>
  <File Type="BG-BIN" Name="TOP.bin"/>
  <File Type="BG-BIT" Name="TOP.bit"/>
  <File Type="POSTROUTE-PHYSOPT-TIMING-RPX" Name="TOP_timing_summary_postroute_physopted.rpx"/>
  <File Type="POSTROUTE-PHYSOPT-TIMING" Name="TOP_timing_summary_postroute_physopted.rpt"/>
  <File Type="POSTROUTE-PHYSOPT-DCP" Name="TOP_postroute_physopt.dcp"/>
  <File Type="ROUTE-CLK" Name="TOP_clock_utilization_routed.rpt"/>
  <File Type="ROUTE-SIMILARITY" Name="TOP_incremental_reuse_routed.rpt"/>
  <File Type="ROUTE-TIMING-RPX" Name="TOP_timing_summary_routed.rpx"/>
  <File Type="ROUTE-TIMING-PB" Name="TOP_timing_summary_routed.pb"/>
  <File Type="ROUTE-TIMINGSUMMARY" Name="TOP_timing_summary_routed.rpt"/>
  <File Type="ROUTE-STATUS-PB" Name="TOP_route_status.pb"/>
  <File Type="ROUTE-STATUS" Name="TOP_route_status.rpt"/>
  <File Type="ROUTE-PWR-SUM" Name="TOP_power_summary_routed.pb"/>
  <File Type="ROUTE-PWR" Name="TOP_power_routed.rpt"/>
  <File Type="ROUTE-DRC-PB" Name="TOP_drc_routed.pb"/>
  <File Type="ROUTE-DRC" Name="TOP_drc_routed.rpt"/>
  <File Type="ROUTE-DCP" Name="TOP_routed.dcp"/>
  <File Type="PHYSOPT-DRC" Name="TOP_drc_physopted.rpt"/>
  <File Type="PHYSOPT-DCP" Name="TOP_physopt.dcp"/>
  <File Type="POSTPLACE-PWROPT-DCP" Name="TOP_postplace_pwropt.dcp"/>
  <File Type="PLACE-PRE-SIMILARITY" Name="TOP_incremental_reuse_pre_placed.rpt"/>
  <File Type="PLACE-SIMILARITY" Name="TOP_incremental_reuse_placed.rpt"/>
  <File Type="PLACE-CTRL" Name="TOP_control_sets_placed.rpt"/>
  <File Type="PLACE-UTIL-PB" Name="TOP_utilization_placed.pb"/>
  <File Type="PLACE-UTIL" Name="TOP_utilization_placed.rpt"/>
  <File Type="PLACE-CLK" Name="TOP_clock_utilization_placed.rpt"/>
  <File Type="PLACE-IO" Name="TOP_io_placed.rpt"/>
  <File Type="PLACE-DCP" Name="TOP_placed.dcp"/>
  <File Type="PWROPT-DRC" Name="TOP_drc_pwropted.rpt"/>
  <File Type="PWROPT-DCP" Name="TOP_pwropt.dcp"/>
  <File Type="OPT-HWDEF" Name="TOP.hwdef"/>
  <File Type="OPT-DRC" Name="TOP_drc_opted.rpt"/>
  <File Type="OPT-DCP" Name="TOP_opt.dcp"/>
  <File Type="POSTROUTE-PHYSOPT-TIMING-PB" Name="TOP_timing_summary_postroute_physopted.pb"/>
  <File Type="PA-TCL" Name="TOP.tcl"/>
  <File Type="RUN-STRAT" Name="$PDATADIR/runs/impl_1/impl_1.psg"/>
  <File Type="RUN-SRCS" Name="$PDATADIR/runs/impl_1/sources.xml"/>
  <File Type="RUN-CONSTRS" Name="$PDATADIR/runs/impl_1/constrs_in.xml"/>
  <FileSet Name="sources" Type="DesignSrcs" RelSrcDir="$PSRCDIR/sources_1">
    <Filter Type="Srcs"/>
    <File Path="$PSRCDIR/sources_1/imports/new/MouseReceiver.v">
      <FileInfo>
        <Attr Name="ImportPath" Val="$PPRDIR/../mousepart/mousepart.srcs/sources_1/new/MouseReceiver.v"/>
        <Attr Name="ImportTime" Val="1743255861"/>
        <Attr Name="UsedIn" Val="synthesis"/>
        <Attr Name="UsedIn" Val="implementation"/>
        <Attr Name="UsedIn" Val="simulation"/>
      </FileInfo>
    </File>
    <File Path="$PSRCDIR/sources_1/imports/new/MouseTransmitter.v">
      <FileInfo>
        <Attr Name="ImportPath" Val="$PPRDIR/../mousepart/mousepart.srcs/sources_1/new/MouseTransmitter.v"/>
        <Attr Name="ImportTime" Val="1743255826"/>
        <Attr Name="UsedIn" Val="synthesis"/>
        <Attr Name="UsedIn" Val="implementation"/>
        <Attr Name="UsedIn" Val="simulation"/>
      </FileInfo>
    </File>
    <File Path="$PSRCDIR/sources_1/imports/new/Multiplexer_4way.v">
      <FileInfo>
        <Attr Name="ImportPath" Val="$PPRDIR/../mousepart/mousepart.srcs/sources_1/new/Multiplexer_4way.v"/>
        <Attr Name="ImportTime" Val="1743256561"/>
        <Attr Name="UsedIn" Val="synthesis"/>
        <Attr Name="UsedIn" Val="implementation"/>
        <Attr Name="UsedIn" Val="simulation"/>
      </FileInfo>
    </File>
    <File Path="$PSRCDIR/sources_1/imports/new/seg7decoder.v">
      <FileInfo>
        <Attr Name="ImportPath" Val="$PPRDIR/../mousepart/mousepart.srcs/sources_1/new/seg7decoder.v"/>
        <Attr Name="ImportTime" Val="1743256598"/>
        <Attr Name="UsedIn" Val="synthesis"/>
        <Attr Name="UsedIn" Val="implementation"/>
        <Attr Name="UsedIn" Val="simulation"/>
      </FileInfo>
    </File>
    <File Path="$PSRCDIR/sources_1/imports/new/Generic_counter.v">
      <FileInfo>
        <Attr Name="ImportPath" Val="$PPRDIR/../mousepart/mousepart.srcs/sources_1/new/Generic_counter.v"/>
        <Attr Name="ImportTime" Val="1743256517"/>
        <Attr Name="UsedIn" Val="synthesis"/>
        <Attr Name="UsedIn" Val="implementation"/>
        <Attr Name="UsedIn" Val="simulation"/>
      </FileInfo>
    </File>
    <File Path="$PSRCDIR/sources_1/imports/new/MouseMasterSM.v">
      <FileInfo>
        <Attr Name="ImportPath" Val="$PPRDIR/../mousepart/mousepart.srcs/sources_1/new/MouseMasterSM.v"/>
        <Attr Name="ImportTime" Val="1743255914"/>
        <Attr Name="UsedIn" Val="synthesis"/>
        <Attr Name="UsedIn" Val="implementation"/>
        <Attr Name="UsedIn" Val="simulation"/>
      </FileInfo>
    </File>
    <File Path="$PSRCDIR/sources_1/imports/new/ALU.v">
      <FileInfo>
        <Attr Name="ImportPath" Val="$PPRDIR/../mousepart/mousepart.srcs/sources_1/new/ALU.v"/>
        <Attr Name="ImportTime" Val="1743255303"/>
        <Attr Name="UsedIn" Val="synthesis"/>
        <Attr Name="UsedIn" Val="implementation"/>
        <Attr Name="UsedIn" Val="simulation"/>
      </FileInfo>
    </File>
    <File Path="$PSRCDIR/sources_1/imports/new/Send_Packet_Counter.v">
      <FileInfo>
        <Attr Name="ImportPath" Val="$PPRDIR/../mousepart/mousepart.srcs/sources_1/new/Send_Packet_Counter.v"/>
        <Attr Name="ImportTime" Val="1743255511"/>
        <Attr Name="UsedIn" Val="synthesis"/>
        <Attr Name="UsedIn" Val="implementation"/>
        <Attr Name="UsedIn" Val="simulation"/>
      </FileInfo>
    </File>
    <File Path="$PSRCDIR/sources_1/imports/new/IR_SM.v">
      <FileInfo>
        <Attr Name="ImportPath" Val="$PPRDIR/../mousepart/mousepart.srcs/sources_1/new/IR_SM.v"/>
        <Attr Name="ImportTime" Val="1743255583"/>
        <Attr Name="UsedIn" Val="synthesis"/>
        <Attr Name="UsedIn" Val="implementation"/>
        <Attr Name="UsedIn" Val="simulation"/>
      </FileInfo>
    </File>
    <File Path="$PSRCDIR/sources_1/imports/new/MouseTransceiver.v">
      <FileInfo>
        <Attr Name="ImportPath" Val="$PPRDIR/../mousepart/mousepart.srcs/sources_1/new/MouseTransceiver.v"/>
        <Attr Name="ImportTime" Val="1743255735"/>
        <Attr Name="UsedIn" Val="synthesis"/>
        <Attr Name="UsedIn" Val="implementation"/>
        <Attr Name="UsedIn" Val="simulation"/>
      </FileInfo>
    </File>
    <File Path="$PSRCDIR/sources_1/imports/new/SEG7disp.v">
      <FileInfo>
        <Attr Name="ImportPath" Val="$PPRDIR/../mousepart/mousepart.srcs/sources_1/new/SEG7disp.v"/>
        <Attr Name="ImportTime" Val="1743256474"/>
        <Attr Name="UsedIn" Val="synthesis"/>
        <Attr Name="UsedIn" Val="implementation"/>
        <Attr Name="UsedIn" Val="simulation"/>
      </FileInfo>
    </File>
    <File Path="$PSRCDIR/sources_1/new/Frame_Buffer.v">
      <FileInfo>
        <Attr Name="UsedIn" Val="synthesis"/>
        <Attr Name="UsedIn" Val="implementation"/>
        <Attr Name="UsedIn" Val="simulation"/>
      </FileInfo>
    </File>
    <File Path="$PSRCDIR/sources_1/new/VGA_Sig_Gen.v">
      <FileInfo>
        <Attr Name="UsedIn" Val="synthesis"/>
        <Attr Name="UsedIn" Val="implementation"/>
        <Attr Name="UsedIn" Val="simulation"/>
      </FileInfo>
    </File>
    <File Path="$PSRCDIR/sources_1/new/VGA_Controller.v">
      <FileInfo>
        <Attr Name="UsedIn" Val="synthesis"/>
        <Attr Name="UsedIn" Val="implementation"/>
        <Attr Name="UsedIn" Val="simulation"/>
      </FileInfo>
    </File>
    <File Path="$PSRCDIR/sources_1/imports/new/IR.v">
      <FileInfo>
        <Attr Name="ImportPath" Val="$PPRDIR/../mousepart/mousepart.srcs/sources_1/new/IR.v"/>
        <Attr Name="ImportTime" Val="1743255446"/>
        <Attr Name="UsedIn" Val="synthesis"/>
        <Attr Name="UsedIn" Val="implementation"/>
        <Attr Name="UsedIn" Val="simulation"/>
      </FileInfo>
    </File>
    <File Path="$PSRCDIR/sources_1/imports/new/ProcessorModule.v">
      <FileInfo>
        <Attr Name="ImportPath" Val="$PPRDIR/../mousepart/mousepart.srcs/sources_1/new/ProcessorModule.v"/>
        <Attr Name="ImportTime" Val="1743255250"/>
        <Attr Name="UsedIn" Val="synthesis"/>
        <Attr Name="UsedIn" Val="implementation"/>
        <Attr Name="UsedIn" Val="simulation"/>
      </FileInfo>
    </File>
    <File Path="$PSRCDIR/sources_1/imports/new/Timer.v">
      <FileInfo>
        <Attr Name="ImportPath" Val="$PPRDIR/../mousepart/mousepart.srcs/sources_1/new/Timer.v"/>
        <Attr Name="ImportTime" Val="1743255623"/>
        <Attr Name="UsedIn" Val="synthesis"/>
        <Attr Name="UsedIn" Val="implementation"/>
        <Attr Name="UsedIn" Val="simulation"/>
      </FileInfo>
    </File>
    <File Path="$PSRCDIR/sources_1/imports/new/RAM.v">
      <FileInfo>
        <Attr Name="ImportPath" Val="$PPRDIR/../mousepart/mousepart.srcs/sources_1/new/RAM.v"/>
        <Attr Name="ImportTime" Val="1743255380"/>
        <Attr Name="UsedIn" Val="synthesis"/>
        <Attr Name="UsedIn" Val="implementation"/>
        <Attr Name="UsedIn" Val="simulation"/>
      </FileInfo>
    </File>
    <File Path="$PSRCDIR/sources_1/imports/new/LED.v">
      <FileInfo>
        <Attr Name="ImportPath" Val="$PPRDIR/../mousepart/mousepart.srcs/sources_1/new/LED.v"/>
        <Attr Name="ImportTime" Val="1743256075"/>
        <Attr Name="UsedIn" Val="synthesis"/>
        <Attr Name="UsedIn" Val="implementation"/>
        <Attr Name="UsedIn" Val="simulation"/>
      </FileInfo>
    </File>
    <File Path="$PSRCDIR/sources_1/imports/new/Mouse.v">
      <FileInfo>
        <Attr Name="ImportPath" Val="$PPRDIR/../mousepart/mousepart.srcs/sources_1/new/Mouse.v"/>
        <Attr Name="ImportTime" Val="1743255668"/>
        <Attr Name="UsedIn" Val="synthesis"/>
        <Attr Name="UsedIn" Val="implementation"/>
        <Attr Name="UsedIn" Val="simulation"/>
      </FileInfo>
    </File>
    <File Path="$PSRCDIR/sources_1/imports/new/ROM.v">
      <FileInfo>
        <Attr Name="ImportPath" Val="$PPRDIR/../mousepart/mousepart.srcs/sources_1/new/ROM.v"/>
        <Attr Name="ImportTime" Val="1743255349"/>
        <Attr Name="UsedIn" Val="synthesis"/>
        <Attr Name="UsedIn" Val="implementation"/>
        <Attr Name="UsedIn" Val="simulation"/>
      </FileInfo>
    </File>
    <File Path="$PSRCDIR/sources_1/imports/new/SEG7.v">
      <FileInfo>
        <Attr Name="ImportPath" Val="$PPRDIR/../mousepart/mousepart.srcs/sources_1/new/SEG7.v"/>
        <Attr Name="ImportTime" Val="1743256117"/>
        <Attr Name="UsedIn" Val="synthesis"/>
        <Attr Name="UsedIn" Val="implementation"/>
        <Attr Name="UsedIn" Val="simulation"/>
      </FileInfo>
    </File>
    <File Path="$PSRCDIR/sources_1/imports/new/TOP.v">
      <FileInfo>
        <Attr Name="ImportPath" Val="$PPRDIR/../mousepart/mousepart.srcs/sources_1/new/TOP.v"/>
        <Attr Name="ImportTime" Val="1743258651"/>
        <Attr Name="UsedIn" Val="synthesis"/>
        <Attr Name="UsedIn" Val="implementation"/>
        <Attr Name="UsedIn" Val="simulation"/>
      </FileInfo>
    </File>
    <Config>
      <Option Name="DesignMode" Val="RTL"/>
      <Option Name="TopModule" Val="TOP"/>
      <Option Name="TopAutoSet" Val="TRUE"/>
    </Config>
  </FileSet>
  <FileSet Name="constrs_in" Type="Constrs" RelSrcDir="$PSRCDIR/constrs_1">
    <Filter Type="Constrs"/>
    <File Path="$PSRCDIR/constrs_1/imports/new/constraint.xdc">
      <FileInfo>
        <Attr Name="ImportPath" Val="$PPRDIR/../mousepart/mousepart.srcs/constrs_1/new/constraint.xdc"/>
        <Attr Name="ImportTime" Val="1743258626"/>
        <Attr Name="UsedIn" Val="synthesis"/>
        <Attr Name="UsedIn" Val="implementation"/>
      </FileInfo>
    </File>
    <Config>
      <Option Name="ConstrsType" Val="XDC"/>
    </Config>
  </FileSet>
  <Strategy Version="1" Minor="2">
    <StratHandle Name="Vivado Implementation Defaults" Flow="Vivado Implementation 2015"/>
    <Step Id="init_design"/>
    <Step Id="opt_design"/>
    <Step Id="power_opt_design"/>
    <Step Id="place_design"/>
    <Step Id="post_place_power_opt_design"/>
    <Step Id="phys_opt_design"/>
    <Step Id="route_design"/>
    <Step Id="post_route_phys_opt_design"/>
    <Step Id="write_bitstream"/>
  </Strategy>
</GenRun>
