<?xml version="1.0" encoding="UTF-8"?>
<GenRun Id="synth_1" LaunchPart="xc7a35tcpg236-1" LaunchTime="1743350280">
  <File Type="RDS-DCP" Name="TOP.dcp"/>
  <File Type="RUN-CONSTRS" Name="$PDATADIR/runs/synth_1/constrs_in.xml"/>
  <File Type="RDS-UTIL-PB" Name="TOP_utilization_synth.pb"/>
  <File Type="RUN-SRCS" Name="$PDATADIR/runs/synth_1/sources.xml"/>
  <File Type="RDS-PROPCONSTRS" Name="TOP_drc_synth.rpt"/>
  <File Type="PA-TCL" Name="TOP.tcl"/>
  <File Type="RUN-STRAT" Name="$PDATADIR/runs/synth_1/synth_1.psg"/>
  <File Type="RDS-RDS" Name="TOP.vds"/>
  <File Type="RDS-UTIL" Name="TOP_utilization_synth.rpt"/>
  <File Type="VDS-TIMINGSUMMARY" Name="TOP_timing_summary_synth.rpt"/>
  <File Type="VDS-TIMING-PB" Name="TOP_timing_summary_synth.pb"/>
  <FileSet Name="sources" Type="DesignSrcs" RelSrcDir="$PSRCDIR/sources_1">
    <Filter Type="Srcs"/>
    <File Path="$PSRCDIR/sources_1/imports/new/MouseReceiver.v">
      <FileInfo>
        <Attr Name="ImportPath" Val="$PPRDIR/../mousepart/mousepart.srcs/sources_1/new/MouseReceiver.v"/>
        <Attr Name="ImportTime" Val="1743255861"/>
        <Attr Name="UsedIn" Val="synthesis"/>
        <Attr Name="UsedIn" Val="implementation"/>
        <Attr Name="UsedIn" Val="simulation"/>
      </FileInfo>
    </File>
    <File Path="$PSRCDIR/sources_1/imports/new/MouseTransmitter.v">
      <FileInfo>
        <Attr Name="ImportPath" Val="$PPRDIR/../mousepart/mousepart.srcs/sources_1/new/MouseTransmitter.v"/>
        <Attr Name="ImportTime" Val="1743255826"/>
        <Attr Name="UsedIn" Val="synthesis"/>
        <Attr Name="UsedIn" Val="implementation"/>
        <Attr Name="UsedIn" Val="simulation"/>
      </FileInfo>
    </File>
    <File Path="$PSRCDIR/sources_1/imports/new/Multiplexer_4way.v">
      <FileInfo>
        <Attr Name="ImportPath" Val="$PPRDIR/../mousepart/mousepart.srcs/sources_1/new/Multiplexer_4way.v"/>
        <Attr Name="ImportTime" Val="1743256561"/>
        <Attr Name="UsedIn" Val="synthesis"/>
        <Attr Name="UsedIn" Val="implementation"/>
        <Attr Name="UsedIn" Val="simulation"/>
      </FileInfo>
    </File>
    <File Path="$PSRCDIR/sources_1/imports/new/seg7decoder.v">
      <FileInfo>
        <Attr Name="ImportPath" Val="$PPRDIR/../mousepart/mousepart.srcs/sources_1/new/seg7decoder.v"/>
        <Attr Name="ImportTime" Val="1743256598"/>
        <Attr Name="UsedIn" Val="synthesis"/>
        <Attr Name="UsedIn" Val="implementation"/>
        <Attr Name="UsedIn" Val="simulation"/>
      </FileInfo>
    </File>
    <File Path="$PSRCDIR/sources_1/imports/new/Generic_counter.v">
      <FileInfo>
        <Attr Name="ImportPath" Val="$PPRDIR/../mousepart/mousepart.srcs/sources_1/new/Generic_counter.v"/>
        <Attr Name="ImportTime" Val="1743256517"/>
        <Attr Name="UsedIn" Val="synthesis"/>
        <Attr Name="UsedIn" Val="implementation"/>
        <Attr Name="UsedIn" Val="simulation"/>
      </FileInfo>
    </File>
    <File Path="$PSRCDIR/sources_1/imports/new/MouseMasterSM.v">
      <FileInfo>
        <Attr Name="ImportPath" Val="$PPRDIR/../mousepart/mousepart.srcs/sources_1/new/MouseMasterSM.v"/>
        <Attr Name="ImportTime" Val="1743255914"/>
        <Attr Name="UsedIn" Val="synthesis"/>
        <Attr Name="UsedIn" Val="implementation"/>
        <Attr Name="UsedIn" Val="simulation"/>
      </FileInfo>
    </File>
    <File Path="$PSRCDIR/sources_1/imports/new/ALU.v">
      <FileInfo>
        <Attr Name="ImportPath" Val="$PPRDIR/../mousepart/mousepart.srcs/sources_1/new/ALU.v"/>
        <Attr Name="ImportTime" Val="1743255303"/>
        <Attr Name="UsedIn" Val="synthesis"/>
        <Attr Name="UsedIn" Val="implementation"/>
        <Attr Name="UsedIn" Val="simulation"/>
      </FileInfo>
    </File>
    <File Path="$PSRCDIR/sources_1/imports/new/Send_Packet_Counter.v">
      <FileInfo>
        <Attr Name="ImportPath" Val="$PPRDIR/../mousepart/mousepart.srcs/sources_1/new/Send_Packet_Counter.v"/>
        <Attr Name="ImportTime" Val="1743255511"/>
        <Attr Name="UsedIn" Val="synthesis"/>
        <Attr Name="UsedIn" Val="implementation"/>
        <Attr Name="UsedIn" Val="simulation"/>
      </FileInfo>
    </File>
    <File Path="$PSRCDIR/sources_1/imports/new/IR_SM.v">
      <FileInfo>
        <Attr Name="ImportPath" Val="$PPRDIR/../mousepart/mousepart.srcs/sources_1/new/IR_SM.v"/>
        <Attr Name="ImportTime" Val="1743255583"/>
        <Attr Name="UsedIn" Val="synthesis"/>
        <Attr Name="UsedIn" Val="implementation"/>
        <Attr Name="UsedIn" Val="simulation"/>
      </FileInfo>
    </File>
    <File Path="$PSRCDIR/sources_1/imports/new/MouseTransceiver.v">
      <FileInfo>
        <Attr Name="ImportPath" Val="$PPRDIR/../mousepart/mousepart.srcs/sources_1/new/MouseTransceiver.v"/>
        <Attr Name="ImportTime" Val="1743255735"/>
        <Attr Name="UsedIn" Val="synthesis"/>
        <Attr Name="UsedIn" Val="implementation"/>
        <Attr Name="UsedIn" Val="simulation"/>
      </FileInfo>
    </File>
    <File Path="$PSRCDIR/sources_1/imports/new/SEG7disp.v">
      <FileInfo>
        <Attr Name="ImportPath" Val="$PPRDIR/../mousepart/mousepart.srcs/sources_1/new/SEG7disp.v"/>
        <Attr Name="ImportTime" Val="1743256474"/>
        <Attr Name="UsedIn" Val="synthesis"/>
        <Attr Name="UsedIn" Val="implementation"/>
        <Attr Name="UsedIn" Val="simulation"/>
      </FileInfo>
    </File>
    <File Path="$PSRCDIR/sources_1/new/Frame_Buffer.v">
      <FileInfo>
        <Attr Name="UsedIn" Val="synthesis"/>
        <Attr Name="UsedIn" Val="implementation"/>
        <Attr Name="UsedIn" Val="simulation"/>
      </FileInfo>
    </File>
    <File Path="$PSRCDIR/sources_1/new/VGA_Sig_Gen.v">
      <FileInfo>
        <Attr Name="UsedIn" Val="synthesis"/>
        <Attr Name="UsedIn" Val="implementation"/>
        <Attr Name="UsedIn" Val="simulation"/>
      </FileInfo>
    </File>
    <File Path="$PSRCDIR/sources_1/new/VGA_Controller.v">
      <FileInfo>
        <Attr Name="UsedIn" Val="synthesis"/>
        <Attr Name="UsedIn" Val="implementation"/>
        <Attr Name="UsedIn" Val="simulation"/>
      </FileInfo>
    </File>
    <File Path="$PSRCDIR/sources_1/imports/new/IR.v">
      <FileInfo>
        <Attr Name="ImportPath" Val="$PPRDIR/../mousepart/mousepart.srcs/sources_1/new/IR.v"/>
        <Attr Name="ImportTime" Val="1743255446"/>
        <Attr Name="UsedIn" Val="synthesis"/>
        <Attr Name="UsedIn" Val="implementation"/>
        <Attr Name="UsedIn" Val="simulation"/>
      </FileInfo>
    </File>
    <File Path="$PSRCDIR/sources_1/imports/new/ProcessorModule.v">
      <FileInfo>
        <Attr Name="ImportPath" Val="$PPRDIR/../mousepart/mousepart.srcs/sources_1/new/ProcessorModule.v"/>
        <Attr Name="ImportTime" Val="1743255250"/>
        <Attr Name="UsedIn" Val="synthesis"/>
        <Attr Name="UsedIn" Val="implementation"/>
        <Attr Name="UsedIn" Val="simulation"/>
      </FileInfo>
    </File>
    <File Path="$PSRCDIR/sources_1/imports/new/Timer.v">
      <FileInfo>
        <Attr Name="ImportPath" Val="$PPRDIR/../mousepart/mousepart.srcs/sources_1/new/Timer.v"/>
        <Attr Name="ImportTime" Val="1743255623"/>
        <Attr Name="UsedIn" Val="synthesis"/>
        <Attr Name="UsedIn" Val="implementation"/>
        <Attr Name="UsedIn" Val="simulation"/>
      </FileInfo>
    </File>
    <File Path="$PSRCDIR/sources_1/imports/new/RAM.v">
      <FileInfo>
        <Attr Name="ImportPath" Val="$PPRDIR/../mousepart/mousepart.srcs/sources_1/new/RAM.v"/>
        <Attr Name="ImportTime" Val="1743255380"/>
        <Attr Name="UsedIn" Val="synthesis"/>
        <Attr Name="UsedIn" Val="implementation"/>
        <Attr Name="UsedIn" Val="simulation"/>
      </FileInfo>
    </File>
    <File Path="$PSRCDIR/sources_1/imports/new/LED.v">
      <FileInfo>
        <Attr Name="ImportPath" Val="$PPRDIR/../mousepart/mousepart.srcs/sources_1/new/LED.v"/>
        <Attr Name="ImportTime" Val="1743256075"/>
        <Attr Name="UsedIn" Val="synthesis"/>
        <Attr Name="UsedIn" Val="implementation"/>
        <Attr Name="UsedIn" Val="simulation"/>
      </FileInfo>
    </File>
    <File Path="$PSRCDIR/sources_1/imports/new/Mouse.v">
      <FileInfo>
        <Attr Name="ImportPath" Val="$PPRDIR/../mousepart/mousepart.srcs/sources_1/new/Mouse.v"/>
        <Attr Name="ImportTime" Val="1743255668"/>
        <Attr Name="UsedIn" Val="synthesis"/>
        <Attr Name="UsedIn" Val="implementation"/>
        <Attr Name="UsedIn" Val="simulation"/>
      </FileInfo>
    </File>
    <File Path="$PSRCDIR/sources_1/imports/new/ROM.v">
      <FileInfo>
        <Attr Name="ImportPath" Val="$PPRDIR/../mousepart/mousepart.srcs/sources_1/new/ROM.v"/>
        <Attr Name="ImportTime" Val="1743255349"/>
        <Attr Name="UsedIn" Val="synthesis"/>
        <Attr Name="UsedIn" Val="implementation"/>
        <Attr Name="UsedIn" Val="simulation"/>
      </FileInfo>
    </File>
    <File Path="$PSRCDIR/sources_1/imports/new/SEG7.v">
      <FileInfo>
        <Attr Name="ImportPath" Val="$PPRDIR/../mousepart/mousepart.srcs/sources_1/new/SEG7.v"/>
        <Attr Name="ImportTime" Val="1743256117"/>
        <Attr Name="UsedIn" Val="synthesis"/>
        <Attr Name="UsedIn" Val="implementation"/>
        <Attr Name="UsedIn" Val="simulation"/>
      </FileInfo>
    </File>
    <File Path="$PSRCDIR/sources_1/imports/new/TOP.v">
      <FileInfo>
        <Attr Name="ImportPath" Val="$PPRDIR/../mousepart/mousepart.srcs/sources_1/new/TOP.v"/>
        <Attr Name="ImportTime" Val="1743258651"/>
        <Attr Name="UsedIn" Val="synthesis"/>
        <Attr Name="UsedIn" Val="implementation"/>
        <Attr Name="UsedIn" Val="simulation"/>
      </FileInfo>
    </File>
    <Config>
      <Option Name="DesignMode" Val="RTL"/>
      <Option Name="TopModule" Val="TOP"/>
      <Option Name="TopAutoSet" Val="TRUE"/>
    </Config>
  </FileSet>
  <FileSet Name="constrs_in" Type="Constrs" RelSrcDir="$PSRCDIR/constrs_1">
    <Filter Type="Constrs"/>
    <File Path="$PSRCDIR/constrs_1/imports/new/constraint.xdc">
      <FileInfo>
        <Attr Name="ImportPath" Val="$PPRDIR/../mousepart/mousepart.srcs/constrs_1/new/constraint.xdc"/>
        <Attr Name="ImportTime" Val="1743258626"/>
        <Attr Name="UsedIn" Val="synthesis"/>
        <Attr Name="UsedIn" Val="implementation"/>
      </FileInfo>
    </File>
    <Config>
      <Option Name="ConstrsType" Val="XDC"/>
    </Config>
  </FileSet>
  <Strategy Version="1" Minor="2">
    <StratHandle Name="Vivado Synthesis Defaults" Flow="Vivado Synthesis 2015"/>
    <Step Id="synth_design"/>
  </Strategy>
</GenRun>
